Dress_ID,Style,31/8/2013,02-09-2013,04-09-2013,06-09-2013,08-09-2013,10-09-2013,12-09-2013,14/9/2013,16/9/2013,18/9/2013,20/9/2013,22/9/2013,24/9/2013,26/9/2013,28/9/2013,30/9/2013,02-10-2013,04-10-2013,06-10-2013,06-10-2010,10-10-2013,12-10-2013,Total,,,,,,,,,,,
1006032852,Sexy,2274,2491,2660,2727,2887,2930,3119,3204,3277,3321,3386,3479,3554,3624,3706,3746,3795,3832,3897,3923,3985,4048,73865,,,,,,,,,,,
1212192089,Casual,275,570,750,813,1066,1164,1558,1756,1878,1985,2106,2454,2710,2942,3258,3354,3475,3654,3911,4024,4125,4277,52105,,,,,,,,,,,
1190380701,vintage,7,7,7,8,8,9,10,10,10,10,10,11,11,11,11,11,11,11,11,11,11,11,217,,,,,,,,,,,
966005983,Brief,1128,1326,1455,1507,1621,1637,1723,1746,1783,1796,1812,1845,1878,1892,1914,1924,1929,1941,1952,1955,1959,1963,38686,,,,,,,,,,,
876339541,cute,1175,1304,1396,1432,1559,1570,1638,1655,1681,1743,1824,1919,2032,2156,2252,2312,2387,2459,2544,2614,2693,2736,43081,,,,,,,,,,,
1068332458,bohemian,5,11,13,13,13,16,18,19,20,20,21,22,25,25,26,26,26,26,27,27,27,27,453,,,,,,,,,,,
1220707172,Casual,61,131,165,176,209,216,251,262,289,295,325,353,379,400,417,424,445,462,474,494,503,552,7283,,,,,,,,,,,
1219677488,Novelty,13,55,73,76,89,94,117,121,125,135,142,150,160,165,169,172,196,212,224,241,252,263,3244,,,,,,,,,,,
1113094204,Flare,6,10,12,13,15,16,17,17,19,21,25,27,27,28,29,29,29,29,29,29,29,33,489,,,,,,,,,,,
985292672,bohemian,11,12,12,12,12,12,13,13,13,13,14,14,14,14,14,14,14,14,14,14,14,14,291,,,,,,,,,,,
1117293701,party,28,42,49,49,55,56,65,66,68,68,78,89,93,98,106,114,119,124,128,130,133,138,1896,,,,,,,,,,,
898481530,Flare,38,54,59,65,72,77,90,102,106,117,122,133,153,162,170,172,176,181,185,188,195,202,2819,,,,,,,,,,,
957723897,sexy,1333,1471,1568,1602,1722,1756,1906,1994,2077,2105,2192,2284,2395,2423,2537,2580,2645,2704,2748,2813,2914,2979,48748,,,,,,,,,,,
749031896,vintage,2545,2627,2656,2669,2738,2769,2934,3001,3068,3125,3239,3339,3445,3561,3667,3680,3745,3842,3952,3999,4077,4170,72848,,,,,,,,,,,
1055411544,Casual,28,40,43,44,45,45,49,50,51,51,52,53,52,52,52,52,52,52,52,52,53,53,1073,,,,,,,,,,,
1162628131,Casual,8,19,25,26,31,35,45,48,58,74,88,97,120,132,158,163,174,182,195,204,213,220,2315,,,,,,,,,,,
624314841,cute,1669,1729,1764,1782,1817,1833,1898,1909,1954,2005,2096,2120,2163,2241,2301,2325,2375,2421,2479,2492,2512,2526,46411,,,,,,,,,,,
830467746,bohemian,13,17,17,17,17,17,17,17,17,17,18,18,18,19,19,19,19,19,19,19,19,19,391,,,,,,,,,,,
840857118,Brief,4,10,11,11,12,12,12,13,13,13,13,13,13,13,16,16,17,17,17,17,17,17,297,,,,,,,,,,,
1113221101,Sexy,143,243,279,299,322,331,381,401,413,442,458,470,496,517,539,542,562,575,596,602,621,644,9876,,,,,,,,,,,
861754372,Sexy,106,142,163,171,192,196,227,247,258,264,285,291,316,244,365,368,369,370,372,374,375,376,6071,,,,,,,,,,,
856178100,Casual,967,1057,1109,1124,1173,1198,1248,1284,1300,1326,1366,1388,1431,1482,1533,1564,1572,1621,1682,1699,1726,1761,30611,,,,,,,,,,,
1122989777,Brief,189,219,229,229,233,233,233,233,233,233,233,233,233,233,233,233,233,234,235,235,236,236,5071,,,,,,,,,,,
840516484,Sexy,1319,1405,1479,1512,1578,1592,1671,1689,1738,1778,1820,1905,1962,1946,2077,2095,2115,2179,2243,2286,2314,2352,41055,,,,,,,,,,,
768517084,Sexy,3,4,4,4,5,5,5,5,5,5,5,5,5,5,5,5,5,5,5,5,5,5,105,,,,,,,,,,,
1139843344,Sexy,7,15,19,19,19,20,22,22,23,23,24,25,25,26,26,27,27,28,28,29,29,29,512,,,,,,,,,,,
1004212992,Sexy,1048,1224,1358,1401,1571,1612,1762,1852,1901,2041,2115,2217,2358,2452,2580,2621,2678,2792,2882,2923,2995,3071,47454,,,,,,,,,,,
1235426503,Casual,8,25,42,49,67,76,105,114,134,154,180,215,253,275,311,328,345,367,388,392,416,446,4690,,,,,,,,,,,
942808364,cute,421,463,475,476,483,488,497,500,505,506,510,515,523,525,526,528,530,532,533,534,536,537,11143,,,,,,,,,,,
629131530,cute,7467,7479,7374,7351,7255,7240,7156,7124,7115,7015,6992,6926,6644,6528,6476,6327,6285,6142,6049,5912,5862,5753,148472,,,,,,,,,,,
851945460,Casual,1271,1301,1330,1344,1383,1395,1456,1468,1497,1506,1533,1561,1590,1553,1637,,,,1705,,,1798,25328,,,,,,,,,,,
1150275464,Casual,130,176,205,218,272,273,279,280,284,304,334,365,417,456,494,,,,561,,,606,5654,,,,,,,,,,,
1026634314,Casual,837,897,931,937,969,974,1004,1008,1019,1024,1045,1051,1060,1086,1103,,,,1177,,,1258,17380,,,,,,,,,,,
978773911,Brief,946,1035,1085,1105,1159,1185,1244,1288,1304,1347,1370,1402,1455,1488,1525,,,,1642,,,1709,22289,,,,,,,,,,,
827791337,party,2228,2309,2313,2313,2315,2315,2321,2330,2336,2339,2347,2358,2363,2366,2369,,,,2381,,,2388,39691,,,,,,,,,,,
640823350,Casual,1482,1562,1595,1604,1645,1648,1706,1752,1785,1796,1811,1841,1602,1622,1637,,,,1657,,,1649,28394,,,,,,,,,,,
801861988,vintage,1680,1729,1730,1730,1743,1743,1744,1746,1749,1766,1789,1817,1882,1910,1949,,,,2008,,,2051,30766,,,,,,,,,,,
1060207186,Brief,23,45,50,53,59,62,66,71,74,79,85,93,102,102,102,103,103,105,106,106,106,106,1801,,,,,,,,,,,
1054679816,party,189,262,319,345,427,463,569,596,661,674,688,907,1114,1175,1267,,,,1499,,,1657,12812,,,,,,,,,,,
941190190,Casual,261,359,398,417,473,503,557,586,612,654,678,724,852,931,1052,,,,1163,,,1257,11477,,,,,,,,,,,
943844640,Brief,55,83,112,116,132,134,156,157,158,164,174,181,203,230,244,,,,304,,,348,2951,,,,,,,,,,,
661795386,Brief,2747,2811,2844,2862,2900,2910,2930,2935,2947,2954,2977,2984,2886,,2890,,,,2951,,,2956,46484,,,,,,,,,,,
875312593,Casual,473,520,555,564,598,611,640,650,671,693,705,725,749,757,786,,,,836,,,868,11401,,,,,,,,,,,
971387676,Casual,652,716,756,771,803,820,878,897,916,928,965,1009,1046,,1129,,,,1259,,,1337,14882,,,,,,,,,,,
1021185637,vintage,144,185,197,200,215,226,240,246,254,259,268,283,301,307,315,,,,338,,,349,4327,,,,,,,,,,,
1163826114,Sexy,5,32,48,56,79,82,112,117,122,131,138,144,160,172,198,,,,251,,,283,2130,,,,,,,,,,,
735635595,Sexy,5404,5481,5484,5505,5514,5495,5475,5465,5445,5428,5304,5349,5162,,5172,,,,5225,,,5272,86180,,,,,,,,,,,
1175184188,Casual,5,18,23,23,24,24,24,25,25,25,26,28,30,30,33,34,36,38,39,40,40,41,631,,,,,,,,,,,
679415939,Casual,1091,1141,1165,1173,1190,1189,1210,1221,1245,1262,1276,1302,1324,,1322,,,,1313,,,1311,19735,,,,,,,,,,,
884147971,Casual,3,4,4,4,4,4,4,4,4,4,4,4,5,5,5,5,5,5,4,4,4,4,93,,,,,,,,,,,
841203385,Sexy,142,165,176,181,189,191,209,215,224,234,239,249,262,268,273,,,,298,,,314,3829,,,,,,,,,,,
1117997056,Casual,143,186,198,205,215,215,218,219,224,228,232,236,242,252,260,,,,267,,,282,3822,,,,,,,,,,,
1160536550,Casual,25,40,44,47,55,56,59,59,60,62,62,64,66,66,68,68,69,70,70,70,71,71,1322,,,,,,,,,,,
828623528,Casual,1403,1412,1415,1417,1425,1433,1474,1492,1516,1535,1564,1581,1602,1623,1638,,,,1696,,,1741,25967,,,,,,,,,,,
763708514,sexy,666,719,766,792,841,858,921,944,962,674,998,1060,1114,1147,1195,,,,1330,,,1481,16468,,,,,,,,,,,
1153442065,Novelty,97,146,182,195,248,263,328,231,336,375,401,460,482,483,484,,,,519,,,591,5821,,,,,,,,,,,
743729613,Casual,332,400,432,444,503,520,567,583,628,665,688,723,747,756,785,,,,873,,,994,10640,,,,,,,,,,,
1000493051,sexy,470,515,536,542,558,566,585,594,605,615,621,628,637,,638,,,,642,,,652,9404,,,,,,,,,,,
911085061,bohemian,245,302,324,329,342,343,359,371,387,394,412,428,428,432,437,,,,482,,,522,6537,,,,,,,,,,,
1174854264,work,13,20,23,23,26,26,30,30,30,30,31,33,36,40,42,44,45,46,48,50,51,52,769,,,,,,,,,,,
1053296757,cute,2,2,4,4,4,4,4,5,5,5,5,5,5,5,5,5,5,6,6,6,6,6,104,,,,,,,,,,,
1033843327,Casual,3,5,5,6,7,7,8,8,9,9,10,12,12,12,13,14,16,17,19,20,21,22,255,,,,,,,,,,,
1083779666,Casual,41,56,57,59,62,63,68,70,72,74,75,77,76,75,75,75,75,75,75,75,75,75,1525,,,,,,,,,,,
746255172,Casual,1714,1800,1846,1873,1943,1960,2025,2074,2104,2134,2156,2192,2197,2225,2297,,,,2403,,,2457,35400,,,,,,,,,,,
1100974555,Sexy,149,174,206,220,244,257,293,309,337,354,385,405,437,,499,,,,582,,,631,5482,,,,,,,,,,,
1019134411,Casual,397,459,513,535,582,601,670,694,724,764,775,813,879,,972,,,,1090,,,1184,11652,,,,,,,,,,,
1072477320,Casual,243,272,308,330,373,373,375,376,379,384,405,443,474,,524,,,,586,,,639,6484,,,,,,,,,,,
638423913,Casual,25,25,27,27,26,26,25,26,26,26,26,26,26,26,26,26,26,26,26,27,28,29,577,,,,,,,,,,,
936425780,work,294,331,358,363,380,388,415,419,437,445,457,482,499,514,536,,,,590,,,619,7527,,,,,,,,,,,
1146088956,Casual,5,5,6,6,7,7,8,8,8,8,8,8,9,9,9,9,9,9,9,10,10,11,178,,,,,,,,,,,
864253055,bohemian,50,56,63,65,71,74,83,85,90,95,99,104,111,117,122,,,,141,,,172,1598,,,,,,,,,,,
1210582154,sexy,175,273,341,355,428,443,557,576,651,675,696,845,918,,1075,,,,1272,,,1977,11257,,,,,,,,,,,
926480831,Sexy,264,302,321,326,341,346,369,375,393,407,441,464,492,,544,,,,595,,,630,6610,,,,,,,,,,,
757260823,Casual,14,28,33,34,37,37,40,41,43,46,49,56,61,63,65,,,,74,75,76,77,949,,,,,,,,,,,
630561922,Casual,894,882,867,861,857,854,826,820,816,811,795,787,742,718,711,,,,695,698,699,702,15035,,,,,,,,,,,
734061929,Casual,2314,2365,2377,2390,2391,2385,2366,2355,2345,2324,2298,2285,2107,,1991,,,,1880,,,1793,35966,,,,,,,,,,,
842060995,Casual,9,19,21,22,22,23,25,25,26,28,28,30,30,30,30,30,31,31,31,31,32,33,587,,,,,,,,,,,
1078431253,Casual,3,4,4,4,4,4,4,4,4,5,6,8,8,10,11,11,11,11,11,11,11,11,160,,,,,,,,,,,
939770391,Casual,4,6,6,6,6,6,6,6,6,6,6,6,6,6,6,6,6,6,6,6,6,6,130,,,,,,,,,,,
943188872,bohemian,65,71,71,72,72,72,73,74,74,76,79,83,87,90,92,92,93,93,95,95,96,96,1811,,,,,,,,,,,
1130994272,Casual,118,123,127,128,132,133,137,138,139,141,142,144,146,146,146,,,,150,,,154,2344,,,,,,,,,,,
907117649,party,1159,1200,1226,1243,1298,1333,1412,1445,1463,1482,1502,1584,1632,,1722,,,,1909,,,2001,23611,,,,,,,,,,,
967999477,Sexy,238,278,305,314,338,347,393,402,422,442,485,506,547,,598,,,,666,,,713,6994,,,,,,,,,,,
944656411,vintage,159,199,241,256,298,315,382,396,446,465,524,614,680,,807,,,,889,,,911,7582,,,,,,,,,,,
1096779299,Casual,1,6,8,8,9,9,14,14,14,16,18,21,28,29,33,37,41,47,50,55,59,64,581,,,,,,,,,,,
1036333255,Casual,115,139,159,166,193,201,218,225,243,256,268,283,307,,336,,,,386,,,419,3914,,,,,,,,,,,
1065316076,Casual,141,190,208,218,229,230,232,239,248,256,269,296,329,,367,,,,422,,,471,4345,,,,,,,,,,,
995802744,Sexy,287,323,347,355,373,378,401,408,441,441,442,430,437,,449,,,,467,,,480,6459,,,,,,,,,,,
1018110870,Sexy,210,240,259,268,282,292,325,234,346,354,361,374,392,402,420,431,442,452,462,477,495,516,8034,,,,,,,,,,,
850586379,Brief,247,271,281,283,294,299,308,312,320,325,330,338,351,362,370,374,379,383,387,392,395,397,7398,,,,,,,,,,,
1169895668,Casual,6,11,14,16,19,19,22,22,23,23,24,24,24,24,24,25,25,26,26,26,26,26,475,,,,,,,,,,,
688966772,Casual,644,672,675,683,705,706,722,727,737,742,756,778,765,774,780,795,802,816,825,834,850,860,16648,,,,,,,,,,,
1194626925,OL,6,12,15,15,15,15,16,17,18,19,21,22,23,23,23,23,23,23,23,24,24,25,425,,,,,,,,,,,
876708804,Sexy,66,77,88,90,102,108,119,125,134,138,140,143,149,151,154,156,158,162,167,169,171,173,2940,,,,,,,,,,,
1118628066,Casual,87,123,145,158,173,173,174,175,176,176,176,176,176,176,176,176,176,176,176,176,176,176,3672,,,,,,,,,,,
1027818824,Casual,1,2,3,3,3,3,2,2,2,2,2,2,2,2,2,2,2,2,2,2,2,2,47,,,,,,,,,,,
891103323,Casual,12,14,15,15,15,16,16,26,42,44,45,47,47,48,50,50,50,50,50,50,51,51,804,,,,,,,,,,,
1166855026,Casual,8,10,11,11,11,11,0,0,0,0,0,0,0,0,0,0,0,0,0,0,0,0,62,,,,,,,,,,,
1023850025,vintage,123,168,191,199,238,250,302,332,365,374,395,452,465,482,497,508,516,525,538,547,554,562,8583,,,,,,,,,,,
805438829,Sexy,638,684,718,729,754,767,808,813,829,842,860,881,903,,936,,,,974,,,985,13121,,,,,,,,,,,
836788720,fashion,12,17,19,19,20,20,22,22,24,26,27,30,31,31,31,,,,31,,,35,417,,,,,,,,,,,
835787654,Casual,190,239,263,282,336,348,407,432,458,465,482,590,642,,738,,,,868,,,934,7674,,,,,,,,,,,
1148457078,Casual,178,182,193,196,209,217,237,241,224,230,244,268,290,,299,,,,323,,,343,3874,,,,,,,,,,,
887476609,bohemian,495,521,551,566,602,615,649,656,675,691,712,735,760,,800,,,,871,,,905,10804,,,,,,,,,,,
535968075,work,1232,1265,1268,1279,1306,1308,1311,1317,1323,1328,1334,1337,1328,,1328,,,,1325,,,1334,20923,,,,,,,,,,,
892801580,vintage,294,313,326,329,337,340,348,350,353,365,374,386,398,,411,,,,425,,,438,5787,,,,,,,,,,,
732650169,cute,1854,1864,1890,1899,1931,1937,1966,1994,2018,2063,2097,2140,2178,,2258,,,,2349,,,2388,32826,,,,,,,,,,,
680070369,Casual,427,455,469,475,498,501,531,543,564,583,597,616,646,,668,,,,708,,,739,9020,,,,,,,,,,,
1002440915,Casual,60,77,79,79,80,80,81,81,81,81,81,81,81,58,87,87,87,88,89,89,89,90,1786,,,,,,,,,,,
737538048,Casual,3372,3425,3466,3482,3513,3523,3544,3542,3532,3524,3482,3443,3228,,3187,,,,3030,,,2916,54209,,,,,,,,,,,
1104450248,Sexy,44,59,77,84,108,124,164,181,196,204,234,254,266,288,303,,,,353,,,388,3327,,,,,,,,,,,
797673346,Casual,1192,1236,1261,1268,1291,1299,1335,1348,1371,1389,1408,1452,0,0,0,0,0,0,0,0,0,0,15850,,,,,,,,,,,
1039982741,Casual,20,34,47,51,61,63,72,77,81,82,0,0,0,0,0,0,0,0,0,0,0,0,588,,,,,,,,,,,
829087315,cute,302,337,357,364,381,383,414,428,437,445,465,472,485,,509,,,,554,,,597,6930,,,,,,,,,,,
1032990258,party,77,90,98,102,117,122,134,140,146,157,171,184,193,202,216,,,,244,,,267,2660,,,,,,,,,,,
939422280,cute,283,328,353,361,392,401,452,485,521,543,589,654,695,,773,,,,941,,,1053,8824,,,,,,,,,,,
974746803,Casual,168,179,191,195,206,208,221,221,223,232,239,245,252,,264,,,,306,,,326,3676,,,,,,,,,,,
1018130478,Casual,260,285,310,318,344,351,375,388,397,412,430,447,457,,483,,,,536,,,582,6375,,,,,,,,,,,
956758119,Casual,322,372,387,398,414,420,450,458,465,473,488,515,534,,560,,,,637,,,675,7568,,,,,,,,,,,
903426442,sexy,895,521,942,946,966,982,1029,1039,1067,1070,1075,Orders,1147,,1155,,,,1191,,,1230,15255,,,,,,,,,,,
861626197,work,1099,1142,1166,1172,1199,1205,1235,1238,1242,1254,1266,1275,1294,,1316,,,,1354,,,1392,19849,,,,,,,,,,,
1077015977,vintage,4,6,6,6,7,7,7,7,7,7,7,7,7,7,7,7,7,7,7,7,7,7,148,,,,,,,,,,,
817870237,Sexy,153,171,184,193,214,219,240,248,261,273,284,293,301,312,322,,,,354,,,375,4397,,,,,,,,,,,
1078996836,Sexy,29,49,57,63,75,76,91,99,106,112,127,138,143,,159,,,,189,,,206,1719,,,,,,,,,,,
881530990,work,548,578,599,605,635,641,665,678,689,699,713,737,747,,763,,,,822,,,848,10967,,,,,,,,,,,
937046375,Casual,239,262,268,272,290,292,307,312,318,320,320,0,0,0,0,0,,0,0,0,0,0,3200,,,,,,,,,,,
870994067,cute,100,112,127,131,142,151,169,185,191,198,207,222,232,,260,269,,,323,,,353,3372,,,,,,,,,,,
893330898,Sexy,322,353,383,387,412,423,442,451,460,474,492,504,527,,574,,,,644,,,693,7541,,,,,,,,,,,
822053936,party,212,215,217,217,216,216,217,217,217,217,216,216,216,,217,,,,218,,,222,3466,,,,,,,,,,,
1059959935,Casual,2,3,3,3,3,3,3,3,3,3,3,3,3,3,3,3,3,4,5,5,5,5,74,,,,,,,,,,,
1197204708,Casual,212,251,256,258,260,262,264,265,266,268,269,271,271,,272,,,,274,,,277,4196,,,,,,,,,,,
713439584,Sexy,481,506,515,525,549,556,578,581,590,603,616,627,622,,618,,,,641,,,676,9284,,,,,,,,,,,
732736124,work,103,113,130,141,169,174,194,202,214,228,244,257,279,,322,,,,367,,,395,3532,,,,,,,,,,,
709353440,cute,226,262,280,285,307,316,339,345,356,365,375,399,404,,422,,,,450,,,475,5606,,,,,,,,,,,
1031230798,bohemian,107,129,139,143,152,153,165,170,174,178,184,190,197,,205,,,,229,,,243,2758,,,,,,,,,,,
1225512606,cute,3,9,11,12,12,13,13,13,13,13,13,13,13,13,13,13,13,13,13,13,13,13,268,,,,,,,,,,,
1158347154,Casual,13,24,31,35,51,53,64,74,82,89,102,122,135,,158,,,,200,,,217,1450,,,,,,,,,,,
976975672,Novelty,81,97,101,105,117,117,132,136,141,147,152,158,158,,159,,,,165,,,182,2148,,,,,,,,,,,
520233308,Casual,550,594,603,608,615,616,635,641,647,654,663,671,681,,736,,,,785,,,818,10517,,,,,,,,,,,
935827969,cute,77,87,90,92,103,104,113,118,122,124,126,129,136,,144,,,,159,,,168,1892,,,,,,,,,,,
1130624045,Sexy,7,16,19,19,27,31,43,45,49,57,64,87,92,,121,,,,174,185,204,222,1462,,,,,,,,,,,
547555172,cute,1345,1368,1322,1324,1311,1292,1271,1274,1280,1274,1269,1266,1231,,1239,,,,1196,,,1186,20448,,,,,,,,,,,
1083323104,Sexy,235,293,322,332,383,398,460,480,511,522,531,640,679,,784,,,,978,,,1074,8622,,,,,,,,,,,
955188745,Casual,267,290,305,312,319,319,325,328,336,345,349,359,364,,397,,,,449,,,492,5556,,,,,,,,,,,
1140306858,Casual,23,54,79,87,108,112,134,142,154,162,182,192,208,,245,,,,303,,,336,2521,,,,,,,,,,,
895807023,cute,307,368,399,405,429,437,451,452,456,461,467,474,477,,479,,,,496,,,507,7065,,,,,,,,,,,
818505402,Casual,28,32,34,35,36,37,41,42,44,46,47,50,53,53,54,55,56,56,58,60,62,64,1043,,,,,,,,,,,
897981100,Casual,48,60,69,75,87,94,111,118,127,135,148,167,178,,188,,,,217,,,227,2049,,,,,,,,,,,
973481686,vintage,540,548,548,549,549,549,549,549,549,549,550,550,550,,551,,,,555,,,555,8790,,,,,,,,,,,
1021375534,cute,370,396,411,416,427,434,455,455,455,457,461,463,468,,489,,,,507,,,528,7192,,,,,,,,,,,
549437715,Casual,1908,1901,1891,1889,1892,1886,1886,1886,1886,1888,1890,1896,1908,,1936,,,,1950,,,1954,30447,,,,,,,,,,,
1097548715,vintage,12,15,15,16,16,16,17,18,19,20,22,23,26,27,28,29,30,30,32,32,32,32,507,,,,,,,,,,,
578702321,Sexy,55,59,59,60,61,61,61,61,61,61,61,60,60,,60,,,,58,,,49,947,,,,,,,,,,,
1155548915,vintage,4,6,6,6,7,7,7,7,7,7,7,7,7,7,7,7,7,7,7,7,7,7,148,,,,,,,,,,,
1199064757,Casual,1,2,2,2,2,2,2,2,2,2,2,2,2,2,2,2,2,2,2,2,2,2,43,,,,,,,,,,,
1078994436,Sexy,4,5,5,5,6,6,7,7,7,7,7,9,11,11,11,11,11,12,12,12,13,13,192,,,,,,,,,,,
949226757,Casual,8,36,64,77,118,136,176,185,229,264,286,328,358,,388,,,,480,,,525,3658,,,,,,,,,,,
832191944,cute,3,4,4,4,5,5,5,5,5,5,5,5,5,5,5,5,5,5,5,5,6,6,107,,,,,,,,,,,
869572905,Casual,227,244,257,258,271,275,280,284,285,289,295,302,303,,316,,,,326,,,341,4553,,,,,,,,,,,
896048351,Sexy,141,159,167,171,178,179,201,205,208,214,225,234,242,,273,,,,316,,,346,3459,,,,,,,,,,,
854444464,Casual,434,456,466,468,476,480,488,489,490,498,504,513,517,,525,,,,537,,,538,7879,,,,,,,,,,,
1246749980,vintage,8,30,48,57,109,137,226,243,362,412,523,664,736,,922,,,,1143,,,1288,6908,,,,,,,,,,,
849613634,Casual,17,18,18,18,18,18,18,18,18,18,18,18,19,19,19,19,19,20,20,20,21,21,412,,,,,,,,,,,
1019768234,vintage,220,281,309,332,373,392,472,479,542,547,562,673,703,,753,,,,956,,,1043,8637,,,,,,,,,,,
785830491,cute,8,13,14,15,16,16,18,18,18,18,19,20,21,21,22,23,23,24,24,25,25,26,427,,,,,,,,,,,
832391864,Casual,26,33,36,38,41,41,42,42,43,44,46,48,50,50,50,50,51,51,52,52,53,54,993,,,,,,,,,,,
1069595866,sexy,3,3,3,3,3,3,3,3,3,3,4,4,4,4,4,4,4,4,4,4,4,4,78,,,,,,,,,,,
733715437,Brief,352,367,375,378,381,377,386,391,395,398,401,404,396,,398,,,,409,,,409,6217,,,,,,,,,,,
828949946,Casual,348,362,363,365,365,365,365,366,367,367,367,367,367,,367,,,,367,,,367,5835,,,,,,,,,,,
765264430,Brief,512,551,576,587,615,624,664,675,692,705,734,765,768,,746,,,,760,,,790,10764,,,,,,,,,,,
722020708,Casual,550,558,568,570,581,580,576,576,576,581,592,595,604,615,622,631,637,641,645,650,654,661,13263,,,,,,,,,,,
980295760,Casual,235,269,285,299,318,323,356,356,356,359,361,362,373,,381,,,,383,,,392,5408,,,,,,,,,,,
913978120,Sexy,872,891,900,905,925,932,957,965,974,986,996,1007,1017,,1036,,,,1057,,,1089,15509,,,,,,,,,,,
1062354779,Casual,144,155,175,178,188,191,204,208,218,235,244,268,278,,301,,,,351,,,395,3733,,,,,,,,,,,
1051749304,work,6,14,17,17,21,21,21,21,21,22,22,24,25,25,26,26,27,27,27,28,28,28,494,,,,,,,,,,,
1206128856,Casual,42,71,112,129,200,201,224,231,239,288,413,468,542,,740,,,,1080,,,1278,6258,,,,,,,,,,,
956453735,cute,53,76,93,95,99,101,115,117,119,123,128,136,140,,140,,,,160,,,164,1859,,,,,,,,,,,
767971724,Brief,52,63,72,74,91,94,103,105,114,118,127,135,141,,154,,,,188,,,212,1843,,,,,,,,,,,
722565148,Sexy,882,882,868,866,861,854,850,845,841,849,852,864,859,,882,,,,906,,,931,13892,,,,,,,,,,,
1167448608,cute,26,34,37,38,42,43,46,48,50,52,56,58,59,60,62,64,65,67,68,69,70,72,1186,,,,,,,,,,,
549159213,Casual,243,253,259,263,267,269,281,281,282,287,291,294,297,,302,,,,293,,,300,4462,,,,,,,,,,,
940918554,Sexy,46,61,73,76,84,87,105,106,110,118,128,140,144,,159,,,,190,,,203,1830,,,,,,,,,,,
522776523,Casual,466,491,510,513,527,534,559,574,581,589,594,608,593,,608,,,,619,,,616,8982,,,,,,,,,,,
658650071,Casual,826,820,810,808,805,792,767,762,757,746,735,719,670,,644,,,,584,,,545,11790,,,,,,,,,,,
560474456,Sexy,338,341,334,337,334,334,343,348,358,362,375,383,381,,388,,,,410,,,419,5785,,,,,,,,,,,
1150052066,bohemian,108,165,187,193,210,218,227,237,240,265,276,331,352,,397,,,,469,,,511,4386,,,,,,,,,,,
929797706,Casual,5,7,7,7,7,7,8,8,8,8,9,9,11,11,11,11,11,11,11,11,11,11,200,,,,,,,,,,,
886351969,cute,441,444,443,445,452,455,461,462,464,467,470,472,473,,473,,,,474,,,476,7372,,,,,,,,,,,
1071947910,Sexy,3,3,3,4,4,4,4,4,4,4,4,4,5,5,5,6,7,7,8,8,8,8,112,,,,,,,,,,,
813753347,Casual,1760,1785,1802,1807,1822,1826,1842,1849,1855,1860,1877,1888,1898,,1934,,,,2046,,,2088,29939,,,,,,,,,,,
733134203,vintage,123,143,153,159,177,183,202,207,217,231,246,262,273,,291,,,,317,,,347,3531,,,,,,,,,,,
851256794,work,38,39,41,41,42,42,42,43,44,44,45,45,45,45,46,46,46,46,46,46,46,46,964,,,,,,,,,,,
751049573,cute,108,115,121,121,122,122,122,122,117,115,113,112,112,,114,,,,117,,,120,1873,,,,,,,,,,,
882490248,cute,241,268,284,289,306,316,350,365,374,385,405,433,439,,475,,,,541,,,589,6060,,,,,,,,,,,
541172235,Casual,561,707,736,742,748,746,742,740,739,744,748,753,742,,749,,,,746,,,743,11686,,,,,,,,,,,
727676110,Casual,45,64,79,84,92,96,114,120,129,142,165,193,227,,262,,,,331,,,390,2533,,,,,,,,,,,
891631697,party,69,99,113,119,140,140,140,140,140,140,140,140,140,,140,,,,140,,,143,2083,,,,,,,,,,,
1059306768,Casual,1,2,2,2,2,2,2,2,2,2,3,3,3,3,3,3,3,3,3,3,3,3,55,,,,,,,,,,,
764321904,Sexy,18,24,28,29,32,35,37,39,42,48,54,63,65,,69,,,,95,,,116,794,,,,,,,,,,,
902108125,Sexy,154,165,169,169,172,172,178,179,193,198,211,219,224,,235,,,,251,,,271,3160,,,,,,,,,,,
874397327,Casual,223,240,251,254,264,268,283,288,296,299,304,316,319,,333,,,,339,,,345,4622,,,,,,,,,,,
861698160,Casual,97,113,119,120,124,124,124,124,124,126,130,133,137,,156,,,,169,,,178,2098,,,,,,,,,,,
981437831,Casual,38,51,55,55,61,66,74,76,79,85,96,114,119,,125,,,,155,,,175,1424,,,,,,,,,,,
1036456647,Sexy,13,18,19,20,21,22,25,26,27,27,28,29,30,31,32,34,38,42,49,52,56,58,697,,,,,,,,,,,
951280194,work,334,376,390,398,414,422,448,456,479,487,517,549,556,567,585,,,,653,,,700,8331,,,,,,,,,,,
1079373429,Casual,14,21,25,26,33,34,36,38,40,42,43,46,53,55,58,59,60,62,63,63,63,64,998,,,,,,,,,,,
747381880,vintage,1081,1088,1103,1105,1107,1116,1115,1118,1120,1122,1131,1139,1143,,1152,,,,1188,,,1196,18024,,,,,,,,,,,
1099363892,Casual,70,112,169,204,259,288,314,316,318,319,319,321,321,,325,,,,325,,,327,4307,,,,,,,,,,,
941333009,cute,120,135,139,144,154,158,188,195,201,204,215,232,239,,267,,,,291,,,322,3204,,,,,,,,,,,
819651586,bohemian,212,222,229,233,242,245,259,262,270,273,27,281,287,,310,,,,328,,,343,4023,,,,,,,,,,,
1043590098,Casual,72,89,108,112,121,123,144,149,156,164,173,180,184,,192,,,,197,,,190,2354,,,,,,,,,,,
1091666465,Casual,9,12,13,13,14,14,16,16,17,19,19,22,23,24,25,25,25,26,26,26,27,28,439,,,,,,,,,,,
863336720,Casual,134,145,150,152,160,163,171,173,176,182,189,201,205,,210,,,,231,,,242,2884,,,,,,,,,,,
771972560,work,418,434,446,447,448,448,449,449,449,447,446,444,433,,437,,,,427,,,411,7033,,,,,,,,,,,
756492184,Casual,73,72,72,72,72,72,72,72,72,72,73,73,37,32,27,26,25,25,24,23,22,22,1130,,,,,,,,,,,
1097157656,Casual,122,139,146,156,167,168,168,168,168,169,171,173,176,,181,,,,188,,,190,2650,,,,,,,,,,,
573923366,sexy,343,348,350,350,362,359,377,378,379,382,385,387,387,,389,,,,397,,,402,5975,,,,,,,,,,,
756620535,Casual,225,263,280,288,300,302,334,345,361,374,392,450,461,485,503,526,545,576,590,613,622,632,9467,,,,,,,,,,,
765350508,Casual,378,411,436,445,470,480,500,502,518,532,545,569,579,,629,,,,682,,,713,8389,,,,,,,,,,,
968294356,Casual,668,699,716,721,736,737,758,761,769,774,785,794,803,,812,,,,829,,,840,12202,,,,,,,,,,,
1017678811,Casual,2,2,2,2,3,3,3,3,3,3,4,4,4,4,3,3,3,3,3,3,3,3,66,,,,,,,,,,,
933231033,Casual,200,211,213,214,219,222,226,227,228,229,231,233,235,,238,,,,242,,,244,3612,,,,,,,,,,,
1199765487,Casual,1,1,1,1,1,1,1,1,1,1,1,1,1,1,1,1,1,1,1,1,1,1,22,,,,,,,,,,,
965817793,Casual,264,278,296,300,317,323,354,354,376,393,417,437,451,,486,,,,551,,,592,6189,,,,,,,,,,,
1074432879,Casual,39,43,44,45,48,48,52,54,55,58,58,59,59,60,60,,,,61,,,62,905,,,,,,,,,,,
1132858821,Sexy,1,2,2,2,2,2,2,2,2,3,3,3,3,3,3,3,3,3,3,3,3,3,56,,,,,,,,,,,
905732124,Casual,79,90,98,100,109,112,126,128,140,158,165,179,191,,209,,,,255,,,285,2424,,,,,,,,,,,
711045472,Casual,221,220,216,214,220,219,218,218,210,208,207,205,193,,191,,,,203,,,195,3358,,,,,,,,,,,
923983419,Casual,29,30,31,31,31,31,31,31,31,31,31,31,31,31,32,33,33,34,34,34,34,34,699,,,,,,,,,,,
733025646,Sexy,897,890,868,869,851,845,836,822,819,796,781,762,685,,671,,,,601,,,571,12564,,,,,,,,,,,
720099861,Casual,850,858,854,859,866,865,865,868,877,878,880,881,875,,871,,,,872,,,872,13891,,,,,,,,,,,
923915314,Casual,291,315,331,334,351,356,387,394,406,415,423,432,442,,466,,,,507,,,544,6394,,,,,,,,,,,
1077555214,Casual,43,54,62,62,71,77,85,94,106,138,146,185,228,,283,,,,380,,,464,2478,,,,,,,,,,,
1216538883,cute,130,186,237,258,348,372,482,499,595,634,725,834,861,,934,,,,1081,,,1193,9369,,,,,,,,,,,
531254082,Casual,309,341,348,351,355,355,362,365,369,372,378,384,387,,389,,,,403,,,416,5884,,,,,,,,,,,
890279029,Casual,108,126,138,144,170,177,209,215,228,242,257,279,292,,312,,,,341,,,345,3583,,,,,,,,,,,
995964089,bohemian,11,15,17,18,19,19,22,24,26,27,29,32,33,33,34,34,34,34,34,35,36,37,603,,,,,,,,,,,
868453353,Casual,24,27,29,30,30,32,35,36,37,37,37,38,39,40,40,41,42,42,43,44,44,44,811,,,,,,,,,,,
1024954013,Casual,257,278,285,289,298,298,298,298,299,301,302,305,308,,311,,,,317,,,330,4774,,,,,,,,,,,
685606338,Casual,191,199,201,203,209,211,219,222,225,229,235,241,245,,258,,,,275,,,282,3645,,,,,,,,,,,
877962269,Casual,30,38,45,48,57,61,72,78,81,92,102,120,135,,155,,,,194,,,214,1522,,,,,,,,,,,
995644296,Sexy,230,271,283,285,293,296,320,334,355,376,409,429,453,,483,,,,574,,,627,6018,,,,,,,,,,,
1066273951,Casual,36,46,50,53,55,56,60,62,64,67,71,77,78,78,79,80,82,83,84,86,88,90,1525,,,,,,,,,,,
822176645,Casual,205,218,233,234,239,250,270,265,285,299,310,325,336,,352,,,,393,,,432,4646,,,,,,,,,,,
659466129,Casual,1,1,1,1,1,1,2,2,2,2,3,3,3,3,3,3,3,4,4,4,5,5,57,,,,,,,,,,,
694493217,Casual,238,254,264,267,283,283,288,288,288,291,998,301,311,,322,,,,338,,,354,5368,,,,,,,,,,,
793162246,Casual,1401,1428,1435,1438,1457,1462,1472,1471,1473,1474,1475,1478,1483,,1485,,,,1263,,,1132,22827,,,,,,,,,,,
817945281,Casual,57,76,94,100,108,111,118,119,126,130,134,140,146,,153,,,,157,,,170,1939,,,,,,,,,,,
920902282,Casual,163,174,176,176,178,180,188,192,203,222,242,253,261,,288,,,,339,,,366,3601,,,,,,,,,,,
727820291,Casual,315,327,336,339,350,355,357,357,357,364,366,370,374,,381,,,,380,,,373,5701,,,,,,,,,,,
699738864,Casual,236,255,267,268,286,286,283,283,283,290,305,312,321,,338,,,,355,,,381,4749,,,,,,,,,,,
1197211965,cute,8,8,8,8,8,8,8,8,8,9,9,9,9,9,9,9,9,9,9,9,9,9,189,,,,,,,,,,,
682561447,party,63,65,66,66,68,69,70,72,75,76,77,78,78,,80,,,,84,,,89,1176,,,,,,,,,,,
999081623,Casual,360,372,73,74,86,89,98,100,102,103,105,106,106,,106,,,,108,,,111,2099,,,,,,,,,,,
1108613896,party,1,1,1,1,1,1,1,1,1,1,1,1,1,1,1,1,1,1,1,1,1,1,22,,,,,,,,,,,
1054555186,party,1,2,3,3,3,3,3,4,5,5,5,5,5,5,5,5,5,6,6,6,6,6,97,,,,,,,,,,,
915238287,Casual,0,0,117,120,129,132,146,151,161,168,188,203,210,,237,,,,271,,,296,2529,,,,,,,,,,,
1107279894,party,0,0,1,2,2,3,3,3,3,3,3,3,3,3,3,3,3,3,3,3,3,3,56,,,,,,,,,,,
1163040038,party,0,0,2,2,3,3,3,3,3,3,3,3,3,3,3,3,3,3,3,3,4,4,60,,,,,,,,,,,
1091877430,party,0,0,1,1,1,1,1,1,1,1,1,1,2,2,2,2,2,2,2,2,2,2,30,,,,,,,,,,,
1053467336,party,0,0,59,61,61,61,61,61,61,61,61,61,61,61,62,62,62,70,70,72,75,79,1282,,,,,,,,,,,
609889168,party,0,0,181,182,185,187,189,190,192,192,193,196,200,,207,,,,214,,,220,2728,,,,,,,,,,,
662727740,party,0,0,262,265,267,269,273,273,273,274,275,277,279,,284,,,,303,,,318,3892,,,,,,,,,,,
1090993173,party,0,0,62,64,77,81,Removed,removed,removed,removed,removed,673,703,,753,,,,956,,,1043,4412,,,,,,,,,,,
963684109,party,0,0,49,50,50,52,56,56,58,60,62,66,67,68,69,70,72,75,76,78,80,82,1296,,,,,,,,,,,
619817668,party,0,0,215,214,212,214,210,211,212,210,209,209,211,209,206,204,202,201,200,198,197,196,4140,,,,,,,,,,,
1066740059,party,0,0,51,52,58,60,67,68,75,84,92,103,111,,119,,,,175,,,196,1311,,,,,,,,,,,
732184480,party,0,0,51,52,53,52,54,55,56,56,56,57,55,55,55,55,55,55,55,55,55,55,1092,,,,,,,,,,,
1044683061,party,0,0,21,21,24,25,28,28,29,30,31,31,31,32,33,33,34,34,35,36,38,39,613,,,,,,,,,,,
579010251,party,0,0,52,53,53,53,57,58,59,61,64,67,66,66,66,67,70,75,81,83,85,87,1323,,,,,,,,,,,
751364623,party,0,0,109,109,110,110,114,114,115,118,121,123,123,,125,,,,127,,,127,1645,,,,,,,,,,,
898316819,party,0,0,57,58,59,61,66,70,73,76,79,83,86,85,88,90,91,93,94,96,99,103,1607,,,,,,,,,,,
622667306,party,0,0,70,71,70,70,73,74,75,78,79,81,85,85,85,85,86,87,88,89,93,95,1619,,,,,,,,,,,
809344968,party,0,0,362,366,381,383,396,402,412,419,445,453,459,,480,,,,532,,,570,6060,,,,,,,,,,,
754138176,party,0,0,222,222,227,228,232,232,232,233,234,235,232,,228,,,,219,,,217,3193,,,,,,,,,,,
674192921,Casual,0,0,226,226,220,221,215,215,215,216,218,220,215,,215,,,,220,,,227,3069,,,,,,,,,,,
726446177,party,0,0,141,141,142,142,145,145,146,147,149,150,151,,156,,,,163,,,164,2082,,,,,,,,,,,
1193747589,party,0,0,2,2,2,2,2,2,2,2,2,2,2,2,2,2,2,2,2,2,2,2,40,,,,,,,,,,,
676827184,Casual,0,0,81,81,81,81,89,87,87,89,91,94,95,97,98,100,102,103,106,108,109,112,1891,,,,,,,,,,,
619996560,party,0,0,228,228,225,224,222,223,224,228,231,234,231,,235,,,,244,,,247,3224,,,,,,,,,,,
618420156,party,0,0,94,94,95,95,96,96,97,97,97,97,96,96,97,97,97,97,97,97,98,98,1928,,,,,,,,,,,
689486739,party,0,0,27,27,26,25,26,26,26,26,25,25,24,25,26,26,26,26,26,25,24,24,511,,,,,,,,,,,
751364614,party,0,0,71,74,78,81,87,88,93,96,105,112,113,116,119,121,124,127,133,137,142,147,2164,,,,,,,,,,,
825341937,party,0,0,99,100,100,100,100,100,100,100,101,101,103,104,106,107,108,110,111,112,113,113,2088,,,,,,,,,,,
736813752,party,0,0,42,42,42,42,42,42,42,41,41,40,39,39,39,39,39,39,39,39,38,38,804,,,,,,,,,,,
636178374,party,0,0,149,150,149,147,144,142,141,140,139,138,131,,125,,,,119,,,115,1929,,,,,,,,,,,
743485617,cute,0,0,135,136,139,141,146,148,153,154,156,158,155,,158,,,,159,,,164,2102,,,,,,,,,,,
933951149,party,0,0,115,116,117,118,129,129,133,134,135,135,136,,136,,,,137,,,140,1810,,,,,,,,,,,
684561284,party,0,0,65,66,67,68,69,69,69,69,69,69,68,70,72,72,73,73,73,74,75,76,1406,,,,,,,,,,,
616295248,party,0,0,173,173,174,174,176,176,178,179,180,182,183,,186,,,,188,,,187,2509,,,,,,,,,,,
736076633,party,0,0,98,98,100,101,101,101,101,101,101,101,102,102,103,104,105,106,107,107,107,110,2056,,,,,,,,,,,
1108073621,party,0,0,3,3,4,4,5,5,5,6,6,6,6,6,6,6,6,7,7,7,7,7,112,,,,,,,,,,,
1053002876,work,0,0,24,24,26,26,26,26,27,27,27,27,27,27,27,27,27,28,28,29,30,31,541,,,,,,,,,,,
444282011,party,0,0,76,76,78,80,82,81,81,82,82,84,82,86,88,90,91,96,96,98,101,102,1732,,,,,,,,,,,
949336768,Casual,0,0,29,29,29,29,30,30,30,30,30,30,30,30,31,31,32,32,32,32,32,32,610,,,,,,,,,,,
961972778,Casual,0,0,1,1,1,2,3,3,3,3,4,4,4,4,4,4,4,4,4,4,4,4,65,,,,,,,,,,,
893088817,Casual,0,0,26,27,27,27,29,29,29,30,32,34,34,35,37,37,38,40,41,41,42,42,677,,,,,,,,,,,
952724683,party,0,0,4,4,4,4,5,5,5,5,5,5,6,6,6,6,6,6,6,6,7,7,108,,,,,,,,,,,
855037000,Casual,0,0,24,24,27,29,30,31,32,34,36,40,42,42,42,44,46,47,51,53,55,58,787,,,,,,,,,,,
660016574,Casual,0,0,81,82,83,84,85,86,88,89,91,94,94,,103,,,,110,,,117,1287,,,,,,,,,,,
738079582,Casual,0,0,151,154,158,161,160,160,161,164,168,171,174,,177,,,,193,,,203,2355,,,,,,,,,,,
861001391,party,0,0,82,83,85,85,91,93,95,98,101,103,104,,106,,,,107,,,111,1344,,,,,,,,,,,
1099696103,Casual,0,0,66,69,69,69,73,73,73,73,73,73,73,74,75,77,77,79,81,84,86,89,1506,,,,,,,,,,,
1044288976,Sexy,0,0,16,18,18,19,21,22,24,24,25,26,28,29,30,31,32,34,35,36,36,37,541,,,,,,,,,,,
890848361,vintage,0,0,43,45,52,60,62,63,68,69,81,82,87,91,98,101,107,111,116,121,125,128,1710,,,,,,,,,,,
929503394,vintage,0,0,239,244,260,266,289,292,302,307,317,327,374,,492,,,,555,,,583,4847,,,,,,,,,,,
1015249105,work,0,0,213,222,239,250,289,300,327,362,385,412,447,,501,,,,599,,,659,5205,,,,,,,,,,,
707537639,Casual,0,0,1283,1285,1278,1271,1271,1265,1258,1251,1246,1238,1082,,927,,,,829,,,741,16225,,,,,,,,,,,
702984554,Casual,0,0,109,113,117,118,123,126,129,130,131,133,130,,133,,,,148,,,155,1795,,,,,,,,,,,
896048351,Sexy,0,0,165,171,178,179,201,205,208,224,228,234,242,,273,,,,316,,,346,3170,,,,,,,,,,,
1023830972,Casual,0,0,26,28,34,39,45,46,46,49,52,62,62,63,65,67,68,70,72,72,73,74,1113,,,,,,,,,,,
959052557,Casual,0,0,282,284,289,290,296,299,301,302,303,306,308,,310,,,,316,,,321,4207,,,,,,,,,,,
1246945687,Novelty,0,0,26,32,38,40,43,46,50,51,53,54,54,55,57,58,59,61,62,63,65,67,1034,,,,,,,,,,,
510519284,Casual,0,0,190,192,195,197,204,205,209,211,216,218,216,,218,,,,213,,,204,2888,,,,,,,,,,,
1079958917,Casual,0,0,113,120,138,144,158,166,172,182,193,210,221,,254,,,,301,,,343,2715,,,,,,,,,,,
1024325244,Casual,0,0,22,22,23,23,25,25,25,25,26,27,27,27,28,28,29,31,31,31,32,32,539,,,,,,,,,,,
841203385,Sexy,0,0,169,181,189,191,209,210,224,236,245,253,262,,270,,,,298,,,314,3251,,,,,,,,,,,
1104504876,cute,0,0,13,23,29,32,42,43,44,46,49,53,55,55,56,59,60,64,66,69,70,72,1000,,,,,,,,,,,
1010356223,vintage,0,0,48,49,51,52,53,53,53,53,53,53,53,53,53,54,55,56,57,57,57,57,1070,,,,,,,,,,,
1031230798,bohemian,0,0,134,143,152,153,165,168,174,175,186,190,197,,205,,,,229,,,243,2514,,,,,,,,,,,
908989488,bohemian,0,0,2,2,4,5,4,4,4,4,4,2,1,1,1,1,1,1,1,1,1,1,45,,,,,,,,,,,
822081627,Sexy,0,0,746,751,770,778,786,788,791,798,809,817,823,,833,,,,847,,,844,11181,,,,,,,,,,,
1116072373,Novelty,0,0,50,52,53,55,59,60,62,63,63,65,66,67,69,69,70,70,71,72,73,75,1284,,,,,,,,,,,
856139963,Casual,0,0,50,57,65,67,75,79,85,88,95,102,106,,113,,,,135,,,144,1261,,,,,,,,,,,
1032982013,Casual,0,0,33,39,48,53,58,67,72,78,108,127,136,,156,,,,219,,,258,1452,,,,,,,,,,,
879756967,Casual,0,0,748,778,806,816,823,827,830,830,842,852,856,,875,,,,899,,,916,11698,,,,,,,,,,,
912614690,bohemian,0,0,19,21,24,25,25,26,28,30,33,35,34,35,37,38,39,40,41,44,47,51,672,,,,,,,,,,,
1072784739,Casual,0,0,134,140,149,149,148,149,150,159,165,179,188,,204,,,,233,,,274,2421,,,,,,,,,,,
945651303,Casual,0,0,19,27,31,33,42,47,49,51,56,66,71,77,84,89,92,97,102,107,113,118,1371,,,,,,,,,,,
858212832,cute,0,0,546,559,576,582,606,624,631,636,648,675,687,,711,,,,767,,,797,9045,,,,,,,,,,,
1219677488,Novelty,0,0,67,76,89,94,117,119,125,135,146,154,160,,167,,,,224,,,263,1936,,,,,,,,,,,
886501087,cute,0,0,7,8,7,7,9,9,9,9,8,8,8,8,8,8,8,8,8,8,8,8,161,,,,,,,,,,,
944264938,Sexy,0,0,98,103,107,108,112,113,115,118,121,126,128,,128,,,,132,,,135,1644,,,,,,,,,,,
918722829,Sexy,0,0,81,82,102,106,119,124,134,139,147,158,162,,167,,,,175,,,182,1878,,,,,,,,,,,
750670078,Casual,0,0,805,812,820,815,822,822,814,818,820,823,810,,804,,,,794,,,780,11359,,,,,,,,,,,
1028061165,Casual,0,0,70,71,76,80,83,85,87,93,97,102,106,,113,,,,121,,,121,1305,,,,,,,,,,,
699738864,Casual,0,0,262,268,286,286,283,283,283,288,300,312,321,,338,,,,355,,,381,4246,,,,,,,,,,,
905732124,Casual,0,0,96,100,109,112,126,133,140,146,163,179,191,,209,,,,255,,,285,2244,,,,,,,,,,,
961230947,work,0,0,56,57,63,65,70,70,70,72,73,75,77,78,79,80,81,82,83,85,86,88,1490,,,,,,,,,,,
849947393,cute,0,0,213,221,232,236,253,258,261,270,282,291,299,,308,,,,330,,,338,3792,,,,,,,,,,,
857432541,Casual,0,0,57,61,67,68,74,78,80,82,84,85,93,96,99,102,104,106,108,109,114,118,1785,,,,,,,,,,,
1088674674,Casual,0,0,47,53,61,61,66,66,66,70,75,86,94,,103,,,,116,,,134,1098,,,,,,,,,,,
939250541,Casual,0,0,55,67,77,81,100,105,116,125,137,160,168,,186,,,,227,,,262,1866,,,,,,,,,,,
876708804,Sexy,0,0,85,90,102,108,119,1224,134,138,141,145,149,,153,,,,167,,,173,2928,,,,,,,,,,,
1032990258,Casual,0,0,96,102,117,122,134,138,146,153,172,184,193,,216,,,,244,,,267,2284,,,,,,,,,,,
880692544,Casual,0,0,44,49,53,53,55,56,57,60,61,63,66,69,71,72,75,76,78,79,80,82,1299,,,,,,,,,,,
958270190,Casual,0,0,23,27,32,36,50,55,62,65,70,77,80,,88,,,,108,,,120,893,,,,,,,,,,,
732757918,Sexy,0,0,1088,1099,1102,1102,1111,1124,1132,1134,1138,1141,1099,,1071,,,,1064,,,1079,15484,,,,,,,,,,,
898646576,Casual,0,0,234,240,248,254,269,273,285,291,300,311,320,,330,,,,351,,,363,4069,,,,,,,,,,,
950048509,Casual,0,0,28,30,32,34,35,36,37,39,41,44,44,48,51,53,54,57,62,66,68,73,932,,,,,,,,,,,
754316257,Casual,0,0,132,141,152,162,188,197,224,234,248,282,291,,317,,,,325,,,338,3231,,,,,,,,,,,
598523814,Casual,0,0,547,546,551,550,562,562,559,552,550,548,533,,549,,,,561,,,560,7730,,,,,,,,,,,
774130360,Casual,0,0,1,2,2,2,2,2,2,2,2,2,2,2,2,2,2,2,2,3,3,3,42,,,,,,,,,,,
555727400,Casual,0,0,580,583,584,588,583,588,591,596,599,604,601,,616,,,,617,,,609,8339,,,,,,,,,,,
537463111,Casual,0,0,321,321,323,322,324,325,326,324,323,322,320,,326,,,,330,,,326,4533,,,,,,,,,,,
933864550,Sexy,0,0,150,152,163,164,170,171,172,175,180,186,189,,194,,,,201,,,212,2479,,,,,,,,,,,
944930838,vintage,0,0,183,188,193,194,199,201,203,207,211,213,213,,215,,,,217,,,217,2854,,,,,,,,,,,
901346821,Sexy,0,0,32,32,35,36,41,41,41,42,45,47,52,54,56,58,61,63,66,69,71,73,1015,,,,,,,,,,,
818295153,bohemian,0,0,42,44,50,53,60,62,65,69,71,78,80,82,84,85,85,86,87,89,92,94,1458,,,,,,,,,,,
733134203,Casual,0,0,152,159,177,183,202,209,217,227,245,262,273,,291,,,,317,,,347,3261,,,,,,,,,,,
943414146,Sexy,0,0,738,747,770,771,794,707,829,835,856,893,907,,946,,,,962,,,986,11741,,,,,,,,,,,
709353440,cute,0,0,270,285,307,316,339,344,356,367,382,399,404,,422,,,,450,,,471,5112,,,,,,,,,,,
1190383536,vintage,0,0,35,53,77,83,114,125,141,163,188,215,236,,274,,,,359,,,429,2492,,,,,,,,,,,
869138763,Casual,0,0,30,32,36,37,39,40,41,43,47,50,53,58,61,64,65,68,70,72,74,75,1055,,,,,,,,,,,
977173764,Casual,0,0,55,62,68,72,84,86,90,96,100,107,117,,126,,,,144,,,153,1360,,,,,,,,,,,
918331326,Brief,0,0,89,94,102,104,119,119,119,125,128,130,135,,150,,,,176,,,195,1785,,,,,,,,,,,
733715437,Brief,0,0,373,378,381,377,386,388,395,399,401,404,396,,398,,,,409,,,409,5494,,,,,,,,,,,
955679920,Sexy,0,0,79,90,100,105,121,125,137,143,155,171,180,,197,,,,247,,,275,2125,,,,,,,,,,,
862814652,Casual,0,0,138,140,142,143,147,148,148,151,153,155,158,,162,,,,176,,,178,2139,,,,,,,,,,,
799301728,vintage,0,0,69,72,80,80,93,95,97,102,108,113,117,,129,,,,141,,,148,1444,,,,,,,,,,,
1039384371,Casual,0,0,50,53,61,62,67,68,70,73,76,80,83,88,90,93,96,99,102,104,106,107,1628,,,,,,,,,,,
746518490,Sexy,0,0,66,78,109,125,191,195,281,312,344,496,524,,605,,,,732,,,797,4855,,,,,,,,,,,
720665176,Casual,0,0,5,5,5,5,6,6,6,6,7,7,6,6,6,6,7,8,9,9,10,10,135,,,,,,,,,,,
1001750851,Casual,0,0,14,15,16,17,17,17,17,18,21,23,23,23,23,23,23,24,24,24,24,24,410,,,,,,,,,,,
882975367,Sexy,0,0,158,170,182,184,195,199,208,223,227,230,236,,264,,,,302,,,388,3166,,,,,,,,,,,
1069577979,Casual,0,0,31,33,38,39,44,48,53,59,65,70,71,75,78,79,81,83,85,86,87,88,1293,,,,,,,,,,,
1079373429,work,0,0,24,26,33,34,36,37,40,42,44,46,53,56,58,60,61,62,63,63,64,64,966,,,,,,,,,,,
711704151,cute,0,0,662,664,666,665,669,670,670,672,673,674,673,,685,,,,700,,,700,9443,,,,,,,,,,,
876761815,Casual,0,0,60,65,75,78,81,85,88,92,95,101,104,,114,,,,131,,,141,1310,,,,,,,,,,,
1062354779,Casual,0,0,168,178,188,191,204,208,218,241,252,268,278,,301,,,,351,,,395,3441,,,,,,,,,,,
727676110,Casual,0,0,75,84,92,96,114,121,129,146,162,193,227,,262,,,,331,,,390,2422,,,,,,,,,,,
845853510,Casual,0,0,164,170,185,189,205,213,244,251,259,263,273,,311,,,,392,,,451,3570,,,,,,,,,,,
832090686,cute,0,0,399,406,410,410,420,420,423,425,428,430,431,,437,,,,448,,,453,5940,,,,,,,,,,,
839305476,Casual,0,0,124,134,146,152,171,178,195,211,230,238,247,,281,,,,343,,,367,3017,,,,,,,,,,,
855418066,Casual,0,0,108,110,119,120,133,137,142,145,150,155,162,,173,,,,187,,,191,2032,,,,,,,,,,,
1211480431,Sexy,0,0,11,21,39,46,84,93,122,164,204,246,283,,356,,,,472,,,578,2719,,,,,,,,,,,
946741571,bohemian,0,0,342,360,372,374,385,394,401,412,432,442,458,,477,,,,520,,,541,5910,,,,,,,,,,,
724177834,Casual,0,0,688,692,696,694,678,676,677,666,652,646,613,,618,,,,597,,,609,9202,,,,,,,,,,,
975877364,work,0,0,2,3,3,3,3,3,3,3,3,4,5,5,5,5,5,5,5,5,5,5,80,,,,,,,,,,,
851697194,bohemian,0,0,233,236,238,238,243,243,244,246,248,249,250,,252,,,,265,,,278,3463,,,,,,,,,,,
1108356000,Casual,0,0,8,8,9,11,11,11,11,11,11,11,11,12,14,15,16,16,17,17,17,17,254,,,,,,,,,,,
871219565,Brief,0,0,92,92,94,95,97,97,98,99,101,102,109,111,113,,,,125,,,134,1559,,,,,,,,,,,
1250787559,cute,0,0,2,2,2,2,2,2,2,2,2,2,2,2,2,2,2,2,2,2,2,2,40,,,,,,,,,,,
942245416,Casual,0,0,12,12,13,13,14,14,14,14,15,15,17,17,17,17,18,18,18,18,18,18,312,,,,,,,,,,,
900108476,Casual,0,0,28,30,38,42,55,58,61,63,66,74,76,79,82,84,85,87,91,93,94,95,1381,,,,,,,,,,,
1019672746,vintage,0,0,361,370,378,380,384,386,396,399,402,409,411,,418,,,,435,,,443,5572,,,,,,,,,,,
783980024,Casual,0,0,274,279,288,290,302,303,306,313,318,325,330,,340,,,,358,,,368,4394,,,,,,,,,,,
970655043,bohemian,0,0,62,70,82,87,98,104,119,128,145,164,193,,214,,,,278,,,322,2066,,,,,,,,,,,
1139064593,Casual,0,0,1,1,1,1,1,1,1,1,1,1,1,1,1,1,1,1,1,1,1,1,20,,,,,,,,,,,
939389270,Casual,0,0,196,200,206,207,213,215,215,218,220,222,222,,225,,,,230,,,234,3023,,,,,,,,,,,
859321875,Brief,0,0,107,116,124,129,155,159,172,179,186,201,205,,217,,,,220,,,229,2399,,,,,,,,,,,
703395323,Casual,0,0,1,1,1,1,1,1,1,1,1,1,1,1,1,1,1,1,1,1,1,1,20,,,,,,,,,,,
1083779666,Casual,0,0,56,59,62,63,68,70,72,74,76,77,76,75,75,,,,75,,,75,1053,,,,,,,,,,,
966030991,party,0,0,10,10,13,13,15,16,17,17,18,19,20,20,21,,,,22,,,22,253,,,,,,,,,,,
866405822,bohemian,0,0,68,69,70,72,73,76,78,79,80,80,80,82,84,,,,85,,,87,1163,,,,,,,,,,,
941564304,Sexy,0,0,164,167,178,182,191,195,201,208,216,226,230,,239,,,,262,,,291,2950,,,,,,,,,,,
1119360745,Casual,0,0,4,5,5,5,5,5,5,5,5,5,5,5,5,5,5,5,5,5,5,5,99,,,,,,,,,,,
932375745,Casual,0,0,201,208,220,222,234,238,243,248,255,266,277,,288,,,,294,,,312,3506,,,,,,,,,,,
789373177,Casual,0,0,160,166,172,172,178,179,181,182,183,185,186,,188,,,,185,,,178,2495,,,,,,,,,,,
1135456589,Casual,0,0,14,18,22,22,27,28,32,33,36,39,41,43,46,48,49,51,55,57,60,63,784,,,,,,,,,,,
932913675,Casual,0,0,8,12,13,15,16,16,16,17,18,19,21,21,22,23,24,24,25,26,26,27,389,,,,,,,,,,,
1217548862,vintage,0,0,15,17,20,22,33,38,48,52,64,89,93,,100,,,,121,,,131,843,,,,,,,,,,,
755078866,Casual,0,0,121,125,126,127,131,132,134,134,135,135,137,,139,,,,142,,,140,1858,,,,,,,,,,,
1052420390,vintage,0,0,17,17,18,18,18,19,21,23,25,28,29,29,30,30,30,30,30,30,30,30,502,,,,,,,,,,,
924108301,Casual,0,0,99,104,112,113,119,122,125,128,132,136,139,,140,,,,146,,,147,1762,,,,,,,,,,,
675980168,bohemian,0,0,363,361,361,362,361,362,365,365,366,368,370,,371,,,,367,,,358,5100,,,,,,,,,,,
730603782,party,0,0,327,324,326,323,321,320,317,315,314,310,288,,279,,,,273,,,271,4308,,,,,,,,,,,
934830377,bohemian,0,0,114,118,131,134,148,158,170,176,188,201,215,,235,,,,268,,,278,2534,,,,,,,,,,,
689406468,party,0,0,39,39,40,41,43,43,43,43,43,43,44,44,44,44,46,47,48,48,48,48,878,,,,,,,,,,,
870994067,cute,0,0,122,131,142,151,169,172,191,198,205,222,232,,260,,,,323,,,353,2871,,,,,,,,,,,
1016250560,vintage,0,0,147,165,183,195,250,259,292,299,412,428,481,,578,,,,865,,,1067,5621,,,,,,,,,,,
860334943,Casual,0,0,175,182,198,200,209,211,216,222,234,245,252,,274,,,,309,,,327,3254,,,,,,,,,,,
863336720,Casual,0,0,148,152,160,163,171,174,176,185,193,201,205,,210,,,,231,,,242,2611,,,,,,,,,,,
835915937,Casual,0,0,70,77,85,89,103,105,110,115,119,125,125,,126,,,,136,,,144,1529,,,,,,,,,,,
944641715,bohemian,0,0,59,67,76,79,92,95,108,118,132,157,161,,187,,,,211,,,222,1764,,,,,,,,,,,
869395176,Casual,0,0,143,145,150,153,158,160,163,168,170,176,179,,186,,,,207,,,215,2373,,,,,,,,,,,
1097435333,Casual,0,0,1,1,1,1,1,2,3,3,3,3,3,3,3,3,3,3,3,3,3,3,49,,,,,,,,,,,
1124120907,Casual,0,0,24,31,39,45,51,55,59,66,85,101,110,,138,,,,180,,,216,1200,,,,,,,,,,,
1130463523,Sexy,0,0,9,14,19,19,24,25,27,31,36,42,48,50,53,55,59,62,68,72,76,82,871,,,,,,,,,,,
560474456,Sexy,0,0,336,337,334,334,343,345,358,363,371,383,381,385,388,,,,410,,,419,5487,,,,,,,,,,,
907669618,Sexy,0,0,1,1,1,1,0,0,0,0,0,0,0,0,0,0,0,0,0,0,0,0,4,,,,,,,,,,,
710089916,Brief,0,0,31,35,39,39,46,48,50,52,54,58,60,,70,,,,84,,,93,759,,,,,,,,,,,
793162246,Casual,0,0,1428,1438,1457,1462,1472,1472,1473,1476,1477,1478,1483,,1485,,,,1263,,,1132,19996,,,,,,,,,,,
1065317917,Casual,0,0,19,20,21,21,21,21,22,23,23,24,25,27,30,31,31,32,32,32,32,32,519,,,,,,,,,,,
737461130,Casual,0,0,696,695,690,686,683,677,672,669,665,662,642,,634,,,,618,,,598,9287,,,,,,,,,,,
663993130,Casual,0,0,90,89,89,88,86,87,88,89,90,91,92,,88,,,,90,,,93,1250,,,,,,,,,,,
933231033,party,0,0,212,214,219,222,226,226,228,229,231,233,235,,238,,,,242,,,244,3199,,,,,,,,,,,
743417270,Sexy,0,0,206,205,204,204,205,206,206,206,205,205,201,,202,,,,202,,,177,2834,,,,,,,,,,,
798898277,bohemian,0,0,656,659,663,663,670,671,673,675,678,690,666,,626,,,,572,,,528,9090,,,,,,,,,,,
549401113,Casual,0,0,279,280,284,287,289,292,297,297,298,298,295,,300,,,,295,,,283,4074,,,,,,,,,,,
857189807,Sexy,0,0,14,16,16,18,19,19,19,20,21,21,21,22,23,23,23,24,24,24,24,25,416,,,,,,,,,,,
1055149353,Sexy,0,0,23,25,25,25,28,28,30,30,31,33,36,36,36,37,39,40,43,44,45,46,680,,,,,,,,,,,
1199912555,Casual,0,0,32,33,35,36,39,40,43,45,46,48,50,51,53,55,56,59,61,61,62,64,969,,,,,,,,,,,
1249825438,Sexy,0,0,41,50,63,66,73,75,80,83,88,98,101,103,105,107,109,111,113,115,116,117,1814,,,,,,,,,,,
967191118,Sexy,0,0,12,13,14,14,14,14,14,14,14,14,14,15,15,15,15,15,15,15,15,15,286,,,,,,,,,,,
871620435,Brief,0,0,15,15,18,18,26,27,28,29,30,32,32,32,32,32,33,33,33,33,33,33,564,,,,,,,,,,,
865490824,Sexy,0,0,44,44,51,51,51,52,52,54,56,60,61,61,62,63,65,66,68,69,70,71,1171,,,,,,,,,,,
1079955163,Casual,0,0,57,60,64,64,66,69,72,77,90,92,94,98,100,104,107,111,116,124,129,134,1828,,,,,,,,,,,
600514129,cute,0,0,76,77,78,80,81,82,82,83,85,86,86,88,90,90,90,90,90,90,91,91,1706,,,,,,,,,,,
976975672,Novelty,0,0,100,105,117,117,132,136,141,145,151,158,158,158,159,160,162,163,165,169,175,182,2953,,,,,,,,,,,
720087997,Casual,0,0,389,386,383,386,393,395,400,413,425,437,439,445,465,475,488,502,522,534,544,558,8979,,,,,,,,,,,
699651184,Casual,0,0,168,165,166,166,163,162,161,158,155,153,152,151,151,148,143,139,135,135,135,136,3042,,,,,,,,,,,
605122868,Casual,0,0,239,239,233,228,224,224,223,219,215,213,210,208,205,201,294,291,189,185,180,178,4398,,,,,,,,,,,
1000425584,cute,0,0,29,37,41,41,46,46,52,53,56,58,57,58,58,59,61,63,65,65,66,66,1077,,,,,,,,,,,
549159213,Casual,0,0,255,263,267,269,281,281,282,286,290,294,297,299,302,302,293,293,293,295,298,300,5740,,,,,,,,,,,
898316315,party,0,0,1,1,1,1,1,1,1,1,1,1,1,1,1,1,1,1,1,1,1,1,20,,,,,,,,,,,
1017484769,Sexy,0,0,10,11,16,16,19,21,23,26,30,35,36,40,43,44,47,51,53,54,56,59,690,,,,,,,,,,,
733025646,Casual,0,0,872,869,851,845,836,828,819,793,786,762,761,657,642,638,626,612,601,592,585,571,14546,,,,,,,,,,,
909624960,work,0,0,25,30,33,34,45,48,53,58,64,70,76,78,80,82,84,86,90,92,94,96,1318,,,,,,,,,,,
1086459983,Novelty,0,0,131,138,139,139,143,143,143,143,143,143,143,148,152,155,162,168,186,190,199,206,3114,,,,,,,,,,,
593007494,Casual,0,0,399,399,408,407,417,435,355,345,339,234,232,237,240,246,252,257,260,264,269,274,6269,,,,,,,,,,,
660179663,Casual,0,0,107,113,131,134,147,147,148,151,152,155,160,166,173,175,178,185,194,199,205,230,3250,,,,,,,,,,,
1097157656,Casual,0,0,142,156,167,168,168,168,168,170,172,173,176,178,181,183,185,186,188,189,189,190,3497,,,,,,,,,,,
751776863,Casual,0,0,13,16,19,19,23,25,26,28,29,33,35,38,42,44,46,48,52,54,57,59,706,,,,,,,,,,,
1253973206,cute,0,0,11,79,232,314,322,322,315,316,320,0,0,0,0,0,0,0,0,0,0,0,2231,,,,,,,,,,,
828790972,party,0,0,129,134,139,139,149,151,155,158,162,166,171,173,175,178,190,194,199,208,215,223,3408,,,,,,,,,,,
933413410,Casual,0,0,174,176,183,186,191,191,193,195,196,199,200,201,202,202,202,203,203,203,203,203,3906,,,,,,,,,,,
550959163,Casual,0,0,247,245,248,245,245,245,247,245,245,240,237,237,237,238,239,240,241,241,241,241,4844,,,,,,,,,,,
933926000,Casual,0,0,148,155,157,159,164,165,168,171,175,178,180,181,182,182,183,183,184,186,187,189,3477,,,,,,,,,,,
953168456,cute,0,0,16,16,19,20,26,28,29,31,34,37,43,47,50,54,57,61,62,63,66,70,829,,,,,,,,,,,
1124754999,Sexy,0,0,1,1,1,1,1,0,1,1,1,1,1,1,1,1,1,1,1,1,1,1,19,,,,,,,,,,,
832949213,Casual,0,0,62,67,68,68,69,69,69,69,69,69,69,69,69,70,70,71,71,71,72,73,1384,,,,,,,,,,,
801216472,cute,0,0,25,25,25,25,25,25,25,25,26,26,28,28,28,28,28,29,30,32,34,35,552,,,,,,,,,,,
929898500,work,0,0,110,112,122,122,139,143,148,158,176,194,217,227,245,255,573,598,320,336,351,363,4909,,,,,,,,,,,
850490510,Casual,0,0,608,611,619,621,629,631,636,641,645,648,652,654,658,663,667,671,675,677,679,681,12966,,,,,,,,,,,
1099394392,Sexy,0,0,11,12,12,12,15,16,17,19,22,25,27,32,36,37,39,42,45,48,50,52,569,,,,,,,,,,,
674885710,Casual,0,0,209,211,215,216,219,220,222,230,235,240,240,245,252,258,269,282,294,306,315,329,5007,,,,,,,,,,,
1122991519,Sexy,0,0,3,70,77,78,89,90,96,98,99,101,101,103,106,119,135,152,183,199,235,266,2400,,,,,,,,,,,
904781800,cute,0,0,50,50,56,56,56,56,56,58,60,62,64,65,66,66,66,66,66,66,66,66,1217,,,,,,,,,,,
974438263,cute,0,0,3,4,4,5,5,6,6,6,6,6,6,6,6,6,7,7,7,8,9,9,122,,,,,,,,,,,
875608094,Casual,0,0,67,69,72,75,83,88,91,92,94,99,104,106,109,109,110,110,110,114,116,120,1938,,,,,,,,,,,
1061890181,Casual,0,0,8,9,9,9,10,10,11,11,11,11,11,11,11,11,12,12,13,13,13,14,220,,,,,,,,,,,
1033144189,cute,0,0,44,49,55,58,61,66,69,70,72,74,74,75,76,79,81,85,91,95,99,104,1477,,,,,,,,,,,
860406062,Casual,0,0,154,161,174,175,187,191,197,199,208,221,225,228,232,237,243,248,250,256,260,265,4311,,,,,,,,,,,
692445545,Casual,0,0,329,321,311,304,290,287,281,275,262,256,237,238,239,239,239,239,238,239,239,239,5302,,,,,,,,,,,
974775647,Casual,0,0,32,36,40,42,56,58,59,62,66,70,76,79,85,87,91,94,97,102,107,113,1452,,,,,,,,,,,
1109819647,Casual,0,0,8,10,13,13,15,16,16,16,16,16,16,16,17,17,18,18,19,19,19,19,317,,,,,,,,,,,
1223469038,Sexy,0,0,2,2,2,2,2,2,2,2,2,3,3,5,7,9,13,15,18,20,23,26,160,,,,,,,,,,,
511503677,Casual,0,0,623,630,636,640,645,645,644,636,628,621,602,602,602,592,585,582,570,564,555,547,12149,,,,,,,,,,,
1190558632,cute,0,0,1,1,1,1,1,1,1,1,1,1,1,1,1,1,1,1,1,2,2,2,23,,,,,,,,,,,
641665398,Casual,0,0,10,10,10,10,10,10,10,10,10,10,10,10,10,10,10,10,10,10,10,9,199,,,,,,,,,,,
964917582,Casual,0,0,23,23,26,29,37,40,46,54,61,70,75,79,83,90,93,98,101,106,109,113,1356,,,,,,,,,,,
859922576,cute,0,0,433,437,451,453,473,478,483,489,495,501,504,510,516,522,528,532,538,541,544,547,9975,,,,,,,,,,,
817353671,bohemian,0,0,217,219,227,229,239,241,246,252,257,272,278,280,284,286,288,290,291,294,297,299,5286,,,,,,,,,,,
990559192,Brief,0,0,60,62,64,65,67,68,69,70,72,73,73,74,75,75,76,76,77,77,77,77,1427,,,,,,,,,,,
713391965,Casual,0,0,560,554,544,537,525,519,511,501,492,480,400,388,360,364,372,377,380,382,384,285,8915,,,,,,,,,,,
722565148,Sexy,0,0,875,866,861,854,850,844,841,845,851,864,859,866,882,888,895,898,906,913,919,931,17508,,,,,,,,,,,
532874347,Casual,0,0,734,728,726,715,694,690,686,674,665,658,616,597,586,569,561,555,551,546,535,520,12606,,,,,,,,,,,
655464934,Casual,0,0,254,259,261,263,268,270,272,272,264,264,257,256,255,254,253,250,249,249,249,248,5167,,,,,,,,,,,
919930954,Casual,0,0,538,545,558,563,578,585,590,599,605,619,628,632,639,645,651,655,660,668,674,680,12312,,,,,,,,,,,
